date,Gold_Rum
2016-08-29,127.62
2016-08-30,105.12
2016-08-31,159.99
2016-09-01,450.5
2016-09-02,216.25
2016-09-03,342.5
2016-09-06,498.5
2016-09-07,503.48
2016-09-08,440.0
2016-09-09,285.75
2016-09-12,424.12
2016-09-13,474.01
2016-09-14,427.25
2016-09-15,558.12
2016-09-16,339.63
2016-09-19,450.62
2016-09-20,397.63
2016-09-21,432.13
2016-09-22,284.5
2016-09-23,233.01
2016-09-26,511.26
2016-09-27,358.61
2016-09-28,528.87
2016-09-29,527.63
2016-09-30,550.12
2016-10-03,490.62
2016-10-04,634.12
2016-10-05,578.37
2016-10-06,626.5
2016-10-07,270.99
2016-10-10,489.26
2016-10-11,547.12
2016-10-12,613.88
2016-10-13,769.62
2016-10-14,156.38
2016-10-17,758.63
2016-10-18,411.62
2016-10-19,811.63
2016-10-20,457.37
2016-10-21,208.5
2016-10-24,433.75
2016-10-25,466.24
2016-10-26,832.87
2016-10-27,579.75
2016-10-28,253.24
2016-10-31,548.25
2016-11-01,479.88
2016-11-02,677.86
2016-11-03,439.88
2016-11-04,239.99
2016-11-07,520.13
2016-11-08,521.37
2016-11-09,808.12
2016-11-10,537.75
2016-11-11,219.99
2016-11-14,500.13
2016-11-15,587.75
2016-11-16,795.87
2016-11-17,668.75
2016-11-18,357.75
2016-11-21,505.87
2016-11-22,679.0
2016-11-23,395.5
2016-11-28,570.25
2016-11-29,551.5
2016-11-30,511.0
2016-12-01,687.75
2016-12-02,374.12
2016-12-05,493.12
2016-12-06,787.99
2016-12-07,942.87
2016-12-08,844.13
2016-12-09,296.88
2016-12-12,679.5
2016-12-13,637.13
2016-12-14,776.76
2016-12-15,977.88
2016-12-16,293.63
2016-12-19,712.74
2016-12-20,565.88
2016-12-21,639.63
2016-12-22,812.88
2016-12-23,251.62
2016-12-26,815.87
2016-12-27,913.74
2016-12-28,726.38
2016-12-29,542.51
2016-12-30,136.24
2017-01-03,386.76
2017-01-04,595.25
2017-01-05,320.49
2017-01-06,224.13
2017-01-09,528.75
2017-01-10,260.88
2017-01-11,535.25
2017-01-12,277.87
2017-01-13,193.37
2017-01-16,281.37
2017-01-17,504.62
2017-01-18,596.0
2017-01-19,397.5
2017-01-20,192.0
2017-01-23,337.37
2017-01-24,436.12
2017-01-25,548.0
2017-01-26,341.88
2017-01-27,180.37
2017-01-30,386.37
2017-01-31,417.62
2017-02-01,547.25
2017-02-02,317.0
2017-02-03,217.62
2017-02-06,324.88
2017-02-07,297.37
2017-02-08,653.0
2017-02-09,433.25
2017-02-10,241.62
2017-02-13,461.49
2017-02-14,348.99
2017-02-15,403.37
2017-02-16,288.5
2017-02-17,160.13
2017-02-20,419.38
2017-02-21,358.0
2017-02-22,528.87
2017-02-23,460.38
2017-02-24,200.38
2017-02-27,471.38
2017-02-28,400.87
2017-03-01,528.75
2017-03-02,672.12
2017-03-03,170.38
2017-03-06,456.5
2017-03-07,494.24
2017-03-08,592.88
2017-03-09,421.62
2017-03-10,295.12
2017-03-13,501.26
2017-03-14,372.99
2017-03-15,847.87
2017-03-16,403.87
2017-03-17,198.25
2017-03-20,585.0
2017-03-21,340.13
2017-03-22,459.75
2017-03-23,494.25
2017-03-24,230.0
2017-03-27,429.74
2017-03-28,333.25
2017-03-29,535.37
2017-03-30,396.0
2017-03-31,202.62
2017-04-03,508.24
2017-04-04,408.63
2017-04-05,538.13
2017-04-06,446.5
2017-04-07,158.12
2017-04-10,436.37
2017-04-11,390.0
2017-04-12,663.12
2017-04-13,451.63
2017-04-14,214.37
2017-04-17,300.48
2017-04-18,417.5
2017-04-19,616.99
2017-04-20,484.25
2017-04-21,220.0
2017-04-24,533.86
2017-04-25,408.13
2017-04-26,579.87
2017-04-27,531.0
2017-04-28,254.37
2017-05-01,565.63
2017-05-02,562.62
2017-05-03,579.0
2017-05-04,446.63
2017-05-05,210.88
2017-05-08,531.13
2017-05-09,406.75
2017-05-10,496.75
2017-05-11,478.5
2017-05-12,237.62
2017-05-15,510.51
2017-05-16,539.87
2017-05-17,593.25
2017-05-18,531.25
2017-05-19,219.38
2017-05-22,533.12
2017-05-23,526.99
2017-05-24,582.0
2017-05-25,381.5
2017-05-26,789.12
2017-05-30,428.5
2017-05-31,1075.12
2017-06-01,491.26
2017-06-02,353.0
2017-06-05,713.39
2017-06-06,549.75
2017-06-07,879.49
2017-06-08,576.38
2017-06-09,189.88
2017-06-12,547.38
2017-06-13,353.87
2017-06-14,857.13
2017-06-15,460.5
2017-06-16,212.5
2017-06-19,466.88
2017-06-20,434.75
2017-06-21,602.25
2017-06-22,306.13
2017-06-23,266.88
2017-06-26,699.5
2017-06-27,767.12
2017-06-28,997.5
2017-06-29,652.12
2017-06-30,219.26
2017-07-03,502.87
2017-07-04,579.0
2017-07-05,705.75
2017-07-06,408.5
2017-07-07,143.5
2017-07-10,400.12
2017-07-11,281.87
2017-07-12,579.74
2017-07-13,482.75
2017-07-14,169.12
2017-07-17,524.5
2017-07-18,494.88
2017-07-19,545.0
2017-07-20,435.62
2017-07-21,258.75
2017-07-24,506.12
2017-07-25,345.13
2017-07-26,496.0
2017-07-27,375.37
2017-07-28,226.75
2017-07-31,374.62
2017-08-01,419.13
2017-08-02,664.0
2017-08-03,533.75
2017-08-04,219.25
2017-08-07,419.0
2017-08-08,400.87
2017-08-09,536.38
2017-08-10,505.63
2017-08-11,129.0
2017-08-14,500.25
2017-08-15,344.89
2017-08-16,559.49
2017-08-17,284.88
2017-08-18,160.87
2017-08-21,461.99
2017-08-22,375.88
2017-08-23,650.0
2017-08-24,485.0
2017-08-25,208.75
2017-08-28,679.39
2017-08-29,487.26
2017-08-30,714.87
2017-08-31,498.5
2017-09-01,238.11
2017-09-05,420.25
2017-09-06,709.0
2017-09-07,474.38
2017-09-08,172.87
2017-09-11,507.25
2017-09-12,343.88
2017-09-13,397.0
2017-09-14,348.38
2017-09-15,148.5
2017-09-18,623.88
2017-09-19,457.39
2017-09-20,605.75
2017-09-21,304.87
2017-09-22,245.25
2017-09-25,433.12
2017-09-26,390.88
2017-09-27,529.25
2017-09-28,297.01
2017-09-29,177.37
2017-10-02,465.5
2017-10-03,760.88
2017-10-04,636.75
2017-10-05,787.87
2017-10-06,195.13
2017-10-09,424.75
2017-10-10,417.5
2017-10-11,546.63
2017-10-12,546.38
2017-10-13,295.0
2017-10-16,354.0
2017-10-17,722.12
2017-10-18,565.87
2017-10-19,551.37
2017-10-20,181.75
2017-10-23,796.5
2017-10-24,462.11
2017-10-25,860.51
2017-10-26,338.38
2017-10-27,455.37
2017-10-30,509.74
2017-10-31,117.11000000000001
2017-11-01,409.88
2017-11-02,336.38
2017-11-03,214.12
2017-11-06,482.5
2017-11-07,532.75
2017-11-08,656.88
2017-11-09,516.12
2017-11-10,214.12
2017-11-13,441.63
2017-11-14,573.38
2017-11-15,764.5
2017-11-16,663.75
2017-11-17,403.75
2017-11-20,457.75
2017-11-21,480.0
2017-11-22,258.62
2017-11-27,261.62
2017-11-28,617.35
2017-11-29,595.74
2017-11-30,616.0
2017-12-01,386.49
2017-12-04,619.0
2017-12-05,430.76
2017-12-06,565.63
2017-12-07,562.38
2017-12-08,219.74
2017-12-11,485.76
2017-12-12,536.88
2017-12-13,623.88
2017-12-14,818.0
2017-12-15,215.62
2017-12-18,579.99
2017-12-19,740.25
2017-12-20,694.13
2017-12-21,479.0
2017-12-22,886.12
2017-12-26,653.5
2017-12-27,741.15
2017-12-28,664.12
2017-12-29,204.5
2018-01-02,359.87
2018-01-03,721.75
2018-01-04,402.0
2018-01-05,167.62
2018-01-08,556.75
2018-01-09,503.75
2018-01-10,417.12
2018-01-11,323.25
2018-01-12,236.62
2018-01-15,487.87
2018-01-16,411.88
2018-01-17,526.5
2018-01-18,304.75
2018-01-19,129.5
2018-01-22,435.0
2018-01-23,370.75
2018-01-24,619.13
2018-01-25,395.25
2018-01-26,187.88
2018-01-29,390.5
2018-01-30,417.0
2018-01-31,624.75
2018-02-01,258.75
2018-02-02,179.49
2018-02-05,549.62
2018-02-06,512.75
2018-02-07,626.5
2018-02-08,357.62
2018-02-09,195.38
2018-02-12,298.74
2018-02-13,341.75
2018-02-14,363.25
2018-02-15,441.38
2018-02-16,283.25
2018-02-19,414.25
2018-02-20,349.87
2018-02-21,534.88
2018-02-22,413.13
2018-02-23,194.5
2018-02-26,223.13
2018-02-27,335.37
2018-02-28,427.5
2018-03-01,309.25
2018-03-02,81.25
2018-03-05,640.22
2018-03-06,509.24
2018-03-07,691.63
2018-03-08,552.5
2018-03-09,158.13
2018-03-12,641.75
2018-03-13,524.75
2018-03-14,520.13
2018-03-15,342.88
2018-03-16,284.62
2018-03-19,428.88
2018-03-20,503.5
2018-03-21,570.62
2018-03-22,432.63
2018-03-23,224.37
2018-03-26,602.88
2018-03-27,381.49
2018-03-28,572.0
2018-03-29,346.37
2018-03-30,93.490000000000009
2018-04-02,290.0
2018-04-03,369.38
2018-04-04,449.87
2018-04-05,341.75
2018-04-06,173.74
2018-04-09,488.75
2018-04-10,448.75
2018-04-11,523.88
2018-04-12,381.25
2018-04-13,162.13
2018-04-16,374.75
2018-04-17,437.13
2018-04-18,622.0
2018-04-19,498.0
2018-04-20,217.62
2018-04-23,328.25
2018-04-24,359.02
2018-04-25,520.5
2018-04-26,224.63
2018-04-27,281.37
2018-04-30,404.87
2018-05-01,326.51
2018-05-02,507.38
2018-05-03,435.75
2018-05-04,263.62
2018-05-07,386.75
2018-05-08,607.0
2018-05-09,451.25
2018-05-10,422.25
2018-05-11,344.0
2018-05-14,445.62
2018-05-15,278.5
2018-05-16,901.51
2018-05-17,511.26
2018-05-18,219.75
2018-05-21,303.0
2018-05-22,483.88
2018-05-23,686.62
2018-05-24,385.24
2018-05-25,557.26
2018-05-29,472.0
2018-05-30,662.75
2018-05-31,337.25
2018-06-01,182.38
2018-06-04,674.25
2018-06-05,451.37
2018-06-06,842.25
2018-06-07,688.25
2018-06-08,170.51
2018-06-11,486.25
2018-06-12,369.13
2018-06-13,551.88
2018-06-14,380.25
2018-06-15,315.62
2018-06-18,473.75
2018-06-19,359.87
2018-06-20,551.01
2018-06-21,366.62
2018-06-22,117.0
2018-06-25,373.12
2018-06-26,446.5
2018-06-27,867.0
2018-06-28,526.0
2018-06-29,809.25
2018-07-02,232.37
2018-07-03,457.37
2018-07-05,299.5
2018-07-06,294.75
2018-07-09,423.75
2018-07-10,528.12
2018-07-11,550.12
2018-07-12,328.87
2018-07-13,167.87
2018-07-16,364.62
2018-07-17,340.74
2018-07-18,461.75
2018-07-19,384.25
2018-07-20,184.0
2018-07-23,313.36
2018-07-24,335.74
2018-07-25,567.26
2018-07-26,325.25
2018-07-27,292.0
2018-07-30,468.64
2018-07-31,536.51
2018-08-01,802.49
2018-08-02,691.87
2018-08-03,232.25
2018-08-06,502.74
2018-08-07,544.25
2018-08-08,591.99
2018-08-09,251.12
2018-08-10,195.25
2018-08-13,554.75
2018-08-14,391.5
2018-08-15,491.37
2018-08-16,298.37
2018-08-17,314.75
2018-08-20,513.0
2018-08-21,564.24
2018-08-22,578.37
2018-08-23,272.49
2018-08-24,170.87
2018-08-27,496.62
2018-08-28,439.87
2018-08-29,820.87
2018-08-30,381.36
2018-08-31,496.24
2018-09-04,308.74
2018-09-05,516.37
2018-09-06,525.74
2018-09-07,232.75
2018-09-10,471.25
2018-09-11,476.24
2018-09-12,415.87
2018-09-13,374.12
2018-09-14,131.37
2018-09-17,479.62
2018-09-18,332.86
2018-09-19,611.12
2018-09-20,349.87
2018-09-21,165.24
2018-09-24,436.75
2018-09-25,289.62
2018-09-26,523.5
2018-09-27,433.25
2018-09-28,210.0
2018-10-01,589.37
2018-10-02,348.0
2018-10-03,617.24
2018-10-04,281.25
2018-10-05,261.87
2018-10-08,344.12
2018-10-09,537.37
2018-10-10,458.0
2018-10-11,518.5
2018-10-12,186.49
2018-10-15,306.62
2018-10-16,440.62
2018-10-17,322.0
2018-10-18,347.5
2018-10-19,198.75
2018-10-22,461.49
2018-10-23,473.61
2018-10-24,995.12
2018-10-25,352.49
2018-10-26,95.860000000000014
2018-10-29,478.49
2018-10-30,560.49
2018-10-31,776.5
2018-11-01,396.49
2018-11-02,287.5
2018-11-05,580.12
2018-11-06,401.11
2018-11-07,735.24
2018-11-08,477.87
2018-11-09,242.0
2018-11-12,637.23
2018-11-13,501.98
2018-11-14,677.74
2018-11-15,463.61
2018-11-16,296.37
2018-11-19,470.25
2018-11-20,505.37
2018-11-21,294.87
2018-11-26,537.12
2018-11-27,423.86
2018-11-28,802.74
2018-11-29,654.74
2018-11-30,409.25
2018-12-03,488.0
2018-12-04,468.62
2018-12-05,506.62
2018-12-06,568.0
2018-12-07,295.87
2018-12-10,493.87
2018-12-11,427.11
2018-12-12,657.49
2018-12-13,488.37
2018-12-14,238.0
2018-12-17,526.87
2018-12-18,579.62
2018-12-19,649.0
2018-12-20,474.25
2018-12-21,657.86
2018-12-24,14.25
2018-12-26,606.48
2018-12-27,695.49
2018-12-28,451.36
2018-12-29,329.87
2018-12-31,464.98
2019-01-02,366.36
2019-01-03,537.36
2019-01-04,563.87
2019-01-07,480.72
2019-01-08,313.98
2019-01-09,520.12
2019-01-10,344.5
2019-01-11,165.37
2019-01-14,276.87
2019-01-15,368.62
2019-01-16,458.86
2019-01-17,424.5
2019-01-18,245.61
2019-01-22,619.98
2019-01-23,377.12
2019-01-24,541.87
2019-01-25,182.25
2019-01-28,436.37
2019-01-29,394.87
2019-01-30,571.62
2019-01-31,630.0
2019-02-01,208.62
2019-02-04,356.61
2019-02-05,352.74
2019-02-06,495.12
2019-02-07,351.11
2019-02-08,145.37
2019-02-11,379.48
2019-02-12,327.49
2019-02-13,462.49
2019-02-14,481.5
2019-02-15,140.25
2019-02-18,419.49
2019-02-19,432.86
2019-02-20,783.74
2019-02-21,356.5
2019-02-22,202.12
2019-02-25,299.12
2019-02-26,327.87
2019-02-27,431.87
2019-02-28,360.11
2019-03-01,202.5
2019-03-04,370.24
2019-03-05,412.62
2019-03-06,481.25
2019-03-07,285.25
2019-03-08,268.25
2019-03-11,383.62
2019-03-12,375.37
2019-03-13,440.12
2019-03-14,335.37
2019-03-15,228.5
2019-03-18,344.74
2019-03-19,472.36
2019-03-20,459.49
2019-03-21,268.75
2019-03-22,228.5
2019-03-25,260.0
2019-03-26,253.74
2019-03-27,672.37
2019-03-28,426.25
2019-03-29,163.75
2019-04-01,455.0
2019-04-02,372.37
2019-04-03,558.25
2019-04-04,265.0
2019-04-05,166.87
2019-04-08,444.99
2019-04-09,324.11
2019-04-10,512.25
2019-04-11,379.5
2019-04-13,274.12
2019-04-15,298.62
2019-04-16,392.12
2019-04-17,524.5
2019-04-18,440.0
2019-04-19,526.25
2019-04-22,259.11
2019-04-23,302.5
2019-04-24,369.25
2019-04-25,368.75
2019-04-26,365.37
2019-04-29,538.87
2019-04-30,527.37
2019-05-01,315.37
2019-05-02,492.75
2019-05-03,336.12
2019-05-06,341.99
2019-05-07,374.5
2019-05-08,546.5
2019-05-09,358.87
2019-05-10,459.25
2019-05-13,517.74
2019-05-14,652.46
2019-05-15,703.75
2019-05-16,275.37
2019-05-17,538.37
2019-05-19,10.5
2019-05-20,384.86
2019-05-21,636.87
2019-05-22,661.0
2019-05-23,417.87
2019-05-24,525.87
2019-05-28,549.24
2019-05-29,538.24
2019-05-30,385.75
2019-05-31,919.87
2019-06-03,377.62
2019-06-04,332.99
2019-06-05,329.12
2019-06-06,287.0
2019-06-07,455.87
2019-06-10,490.12
2019-06-11,326.49
2019-06-12,559.12
2019-06-13,363.25
2019-06-14,403.25
2019-06-15,209.12
2019-06-17,512.87
2019-06-18,375.86
2019-06-19,488.87
2019-06-20,262.25
2019-06-21,532.25
2019-06-24,362.12
2019-06-25,543.37
2019-06-26,772.37
2019-06-27,649.5
2019-06-28,332.86
2019-07-01,601.25
2019-07-02,431.0
2019-07-03,510.37
2019-07-04,23.25
2019-07-05,790.12
2019-07-08,333.49
2019-07-09,336.99
2019-07-10,491.5
2019-07-11,366.75
2019-07-12,478.5
2019-07-15,308.37
2019-07-16,384.11
2019-07-17,388.25
2019-07-18,253.87
2019-07-19,362.5
2019-07-22,257.37
2019-07-23,501.12
2019-07-24,319.37
2019-07-25,345.87
2019-07-26,450.25
2019-07-29,293.62
2019-07-30,326.62
2019-07-31,593.87
2019-08-01,341.71999999999997
2019-08-02,309.01
2019-08-05,636.87
2019-08-06,576.71999999999991
2019-08-07,397.92
2019-08-08,336.52
2019-08-09,504.55
2019-08-12,279.1
2019-08-13,326.14000000000004
2019-08-14,427.14000000000004
2019-08-15,347.34000000000009
2019-08-16,399.59000000000003
2019-08-19,337.7
2019-08-20,388.09000000000003
2019-08-21,297.59000000000003
2019-08-22,234.25
2019-08-23,450.67
2019-08-26,550.1
2019-08-27,455.70000000000005
2019-08-28,467.07000000000005
2019-08-29,530.61
2019-08-30,393.8
2019-09-03,316.85
2019-09-04,459.04
2019-09-05,816.0
2019-09-06,405.16999999999996
2019-09-09,520.6
2019-09-10,428.41
2019-09-11,260.65
2019-09-12,551.35
2019-09-13,418.49
2019-09-16,249.11
2019-09-17,335.57
2019-09-18,394.92
2019-09-19,257.84999999999997
2019-09-20,410.66999999999996
2019-09-23,396.89000000000004
2019-09-24,564.12
2019-09-25,343.87
2019-09-26,279.59999999999997
2019-09-27,418.65000000000003
2019-09-29,0.75
2019-09-30,412.28999999999996
2019-10-01,314.49
2019-10-02,554.92
2019-10-03,412.6
2019-10-04,428.15000000000003
2019-10-07,455.14
2019-10-08,567.27
2019-10-09,405.14
2019-10-10,288.6
2019-10-11,340.75
2019-10-14,450.02000000000004
2019-10-15,646.83
2019-10-16,646.56999999999994
2019-10-17,365.5
2019-10-18,506.72
2019-10-21,338.34000000000003
2019-10-22,379.16
2019-10-23,303.17
2019-10-24,298.0
2019-10-25,390.30000000000007
2019-10-28,553.02
2019-10-29,401.74000000000007
2019-10-30,638.81999999999994
2019-10-31,319.75
2019-11-01,647.45
2019-11-04,505.96000000000004
2019-11-05,478.19
2019-11-06,500.77
2019-11-07,455.45000000000005
2019-11-08,364.21999999999997
2019-11-11,277.65
2019-11-12,505.2700000000001
2019-11-13,331.25
2019-11-14,331.72
2019-11-15,138.8
2019-11-16,379.79999999999995
2019-11-18,479.35
2019-11-19,564.62
2019-11-20,420.45
2019-11-21,341.7
2019-11-22,177.72
2019-11-23,368.35
2019-11-25,414.02000000000004
2019-11-26,681.54
2019-11-27,504.75000000000006
2019-11-29,378.87
2019-11-30,153.25
2019-12-02,313.91
2019-12-03,327.1
2019-12-04,341.85
2019-12-05,393.72
2019-12-06,515.1400000000001
2019-12-09,428.35
2019-12-10,387.17000000000007
2019-12-11,486.84000000000003
2019-12-12,537.4
2019-12-13,545.85
2019-12-16,609.87
2019-12-17,529.69
2019-12-18,619.6
2019-12-19,438.91000000000008
2019-12-20,661.55000000000007
2019-12-23,317.82
2019-12-24,368.36
2019-12-26,539.17
2019-12-27,554.17000000000007
2019-12-28,368.36
2019-12-30,270.77
2019-12-31,349.44
2020-01-02,465.95
2020-01-03,494.6
2020-01-06,289.47
2020-01-07,394.3300000000001
2020-01-08,346.0
2020-01-09,244.8
2020-01-10,406.59999999999997
2020-01-13,226.35000000000002
2020-01-14,275.77
2020-01-15,360.04
2020-01-16,317.05
2020-01-17,398.70000000000005
2020-01-20,428.49
2020-01-21,370.07
2020-01-22,372.68999999999994
2020-01-23,364.55
2020-01-24,414.35
2020-01-27,520.15
2020-01-28,387.45
2020-01-29,374.45
2020-01-30,275.75
2020-01-31,324.62
2020-02-03,368.3
2020-02-04,473.97
2020-02-05,264.57
2020-02-06,369.17
2020-02-07,388.54999999999995
2020-02-10,323.5
2020-02-11,322.91
2020-02-12,243.95000000000002
2020-02-13,230.35000000000002
2020-02-14,395.95
2020-02-17,285.91
2020-02-18,406.14000000000004
2020-02-19,270.77000000000004
2020-02-20,416.75
2020-02-21,310.90000000000003
2020-02-24,367.35
2020-02-25,453.04
2020-02-26,313.5
2020-02-27,419.3
2020-02-28,332.96999999999997
2020-03-02,378.24
2020-03-03,415.0100000000001
2020-03-04,365.15000000000003
2020-03-05,362.82
2020-03-06,492.52
2020-03-09,397.42
2020-03-10,496.54000000000008
2020-03-11,435.95
2020-03-12,466.21999999999997
2020-03-13,402.81
2020-03-16,426.77
2020-03-17,532.92
2020-03-18,591.1
2020-03-19,385.05000000000007
2020-03-20,650.50000000000011
2020-03-23,562.62
2020-03-24,524.64
2020-03-25,435.91999999999996
2020-03-26,339.6
2020-03-27,607.92000000000007
2020-03-30,373.8
2020-03-31,414.97
2020-04-01,451.90000000000003
2020-04-02,211.35
2020-04-03,527.27
2020-04-06,492.34
2020-04-07,665.18999999999994
2020-04-08,480.37
2020-04-09,398.3
2020-04-10,527.95
2020-04-13,451.62
2020-04-14,508.29
2020-04-15,493.12
2020-04-16,454.6
2020-04-17,441.64000000000004
2020-04-20,290.41999999999996
2020-04-21,433.24000000000007
2020-04-22,444.0
2020-04-23,350.55
2020-04-24,618.07
2020-04-27,565.44
2020-04-28,435.17
2020-04-29,484.75
2020-04-30,311.8
2020-05-01,407.21999999999997
2020-05-04,519.24
2020-05-05,800.97
2020-05-06,522.37
2020-05-07,239.5
2020-05-08,303.34999999999997
2020-05-11,437.90000000000003
2020-05-12,651.97000000000014
2020-05-13,731.85
2020-05-14,610.69
2020-05-15,621.34
2020-05-18,472.34000000000003
2020-05-19,479.82000000000005
2020-05-20,439.59
2020-05-21,346.62
2020-05-22,464.95000000000005
2020-05-26,420.99
2020-05-27,585.09
2020-05-28,619.04000000000008
2020-05-29,713.8
2020-06-01,423.54999999999995
2020-06-02,438.59
2020-06-03,553.52
2020-06-04,299.74
2020-06-05,459.27000000000004
2020-06-08,606.84
2020-06-09,545.17
2020-06-10,598.95
2020-06-11,351.54
2020-06-12,568.2
2020-06-15,447.57000000000005
2020-06-16,373.42
2020-06-17,510.7
2020-06-18,342.72
2020-06-19,404.67
2020-06-22,381.29000000000008
2020-06-23,629.84
2020-06-24,549.55
2020-06-25,281.12
2020-06-26,573.9
2020-06-29,507.0
2020-06-30,423.12
2020-07-01,483.90000000000003
2020-07-02,233.37
2020-07-03,521.32000000000016
2020-07-06,312.67
2020-07-07,393.31000000000006
2020-07-08,501.8
2020-07-09,289.0
2020-07-10,469.07
2020-07-13,451.14
2020-07-14,447.87
2020-07-15,396.42
2020-07-16,325.27
2020-07-17,449.1
2020-07-20,283.02
2020-07-21,480.5
2020-07-22,466.57
2020-07-23,537.6
2020-07-24,477.0
2020-07-27,427.29000000000008
2020-07-28,583.99
2020-07-29,476.8
2020-07-30,303.97
2020-07-31,419.34999999999997
2020-08-03,313.37
2020-08-04,414.16
2020-08-05,449.92
2020-08-06,395.55
2020-08-07,417.20000000000005
2020-08-10,383.01
2020-08-11,409.32000000000005
2020-08-12,585.75
2020-08-13,211.85
2020-08-14,370.12
2020-08-17,388.35
2020-08-18,439.15000000000003
2020-08-19,484.77
2020-08-20,237.01000000000002
2020-08-21,446.95
2020-08-24,395.37
2020-08-25,539.49
2020-08-26,605.25
2020-08-27,246.85
2020-08-28,525.01
2020-08-31,399.02
2020-09-01,561.30000000000007
2020-09-02,539.5
2020-09-03,362.62
2020-09-04,442.15000000000003
2020-09-08,355.4
2020-09-09,416.72
2020-09-10,549.55
2020-09-11,554.87
2020-09-14,380.35
2020-09-15,446.82
2020-09-16,373.15
2020-09-17,167.1
2020-09-18,446.65
2020-09-21,324.79
2020-09-22,335.39000000000004
2020-09-23,397.8
2020-09-24,270.0
2020-09-25,538.2
2020-09-28,400.92000000000007
2020-09-29,395.27000000000004
2020-09-30,629.55
2020-10-01,217.94
2020-10-02,421.32000000000005
2020-10-05,649.0
2020-10-06,649.86999999999989
2020-10-07,460.12
2020-10-08,424.90000000000003
2020-10-09,455.91999999999996
2020-10-12,415.25
2020-10-13,516.25
2020-10-14,780.6
2020-10-15,329.77
2020-10-16,515.52
2020-10-19,418.22
2020-10-20,385.71999999999997
2020-10-21,424.57000000000005
2020-10-22,358.67
2020-10-23,333.75
2020-10-26,550.94999999999993
2020-10-27,523.99
2020-10-28,441.85
2020-10-29,323.99
2020-10-30,393.72
2020-11-02,386.65
2020-11-03,328.02
2020-11-04,521.92000000000007
2020-11-05,342.2
2020-11-06,457.77
2020-11-09,394.9
2020-11-10,439.44000000000005
2020-11-11,423.2
2020-11-12,452.17
2020-11-13,484.40000000000003
2020-11-16,360.95
2020-11-17,619.84
2020-11-18,526.7
2020-11-19,463.45000000000005
2020-11-20,552.6
2020-11-23,383.15000000000003
2020-11-24,329.09000000000003
2020-11-25,408.42
2020-11-27,582.27
2020-11-28,9.0
2020-11-30,394.65000000000003
2020-12-01,490.14000000000004
2020-12-02,295.8
2020-12-03,300.82000000000005
2020-12-04,438.45
2020-12-07,502.67
2020-12-08,528.52
2020-12-09,526.6
2020-12-10,399.35
2020-12-11,517.45
2020-12-14,494.70000000000005
2020-12-15,545.80000000000018
2020-12-16,467.75
2020-12-17,437.1
2020-12-18,606.72
2020-12-21,315.7
2020-12-22,847.14999999999986
2020-12-23,392.04999999999995
2020-12-24,434.56000000000006
2020-12-26,464.01
2020-12-28,494.97
2020-12-29,726.45
2020-12-30,200.55
2020-12-31,462.12
2021-01-04,487.12
2021-01-05,392.12
2021-01-06,298.62
2021-01-07,346.3
2021-01-08,341.1
2021-01-11,335.29
2021-01-12,359.40000000000003
2021-01-13,407.65
2021-01-14,259.70000000000005
2021-01-15,309.95
2021-01-18,502.67
2021-01-19,353.97
2021-01-20,732.81999999999994
2021-01-21,330.00000000000006
2021-01-22,352.85
2021-01-25,443.91
2021-01-26,421.55
2021-01-27,305.75
2021-01-28,235.8
2021-01-29,460.57000000000005
2021-02-01,414.99
2021-02-02,308.07
2021-02-03,431.7
2021-02-04,269.15
2021-02-05,390.75000000000006
2021-02-08,509.39000000000004
2021-02-09,373.87000000000006
2021-02-10,502.57000000000005
2021-02-11,473.52000000000004
2021-02-12,273.0
2021-02-15,356.79
2021-02-16,216.17
2021-02-17,573.6
2021-02-18,959.05
2021-02-19,358.7
2021-02-22,273.22
2021-02-23,257.17
2021-02-24,562.65
2021-02-25,310.1
2021-02-26,503.47
2021-03-01,332.17
2021-03-02,276.2
2021-03-03,465.24
2021-03-04,225.87
2021-03-05,499.74
2021-03-08,444.42
2021-03-09,349.17
2021-03-10,358.1
2021-03-11,251.75
2021-03-12,369.05
2021-03-15,247.67000000000002
2021-03-16,269.9
2021-03-17,361.3
2021-03-18,232.20000000000002
2021-03-19,425.22000000000008
2021-03-22,318.65000000000003
2021-03-23,405.42
2021-03-24,392.65000000000003
2021-03-25,370.47
2021-03-26,440.09999999999997
2021-03-29,236.65
2021-03-30,313.25
2021-03-31,302.1
2021-04-01,460.22
2021-04-02,382.6
2021-04-05,366.4
2021-04-06,370.9
2021-04-07,518.82
2021-04-08,409.45
2021-04-09,352.41999999999996
2021-04-11,6.75
2021-04-12,394.07
2021-04-13,454.52000000000004
2021-04-14,355.05
2021-04-15,278.72
2021-04-16,397.85
2021-04-19,420.72
2021-04-20,313.5
2021-04-21,450.37000000000006
2021-04-22,556.95
2021-04-23,429.64
2021-04-26,465.57
2021-04-27,351.15000000000003
2021-04-28,521.5
2021-04-29,312.95
2021-04-30,415.85
2021-05-03,335.46000000000004
2021-05-04,284.25000000000006
2021-05-05,388.44
2021-05-06,323.3
2021-05-07,453.52
2021-05-10,262.22
2021-05-11,275.5
2021-05-12,425.1
2021-05-13,311.87
2021-05-14,477.90000000000003
2021-05-15,0.05
2021-05-17,232.79999999999998
2021-05-18,500.52
2021-05-19,456.52
2021-05-20,394.92
2021-05-21,281.9
2021-05-22,95.55
2021-05-24,266.14
2021-05-25,524.79000000000008
2021-05-26,461.84000000000003
2021-05-27,308.85
2021-05-28,436.95000000000005
2021-06-01,287.6
2021-06-02,427.42000000000013
2021-06-03,409.84000000000003
2021-06-04,217.8
2021-06-05,409.07
2021-06-06,9.0
2021-06-07,295.04999999999995
2021-06-08,343.72
2021-06-09,529.44
2021-06-10,436.40000000000003
2021-06-11,193.69000000000003
2021-06-12,155.6
2021-06-13,0.75
2021-06-14,367.30000000000007
2021-06-15,463.79000000000013
2021-06-16,424.17
2021-06-17,381.65000000000003
2021-06-18,220.05
2021-06-21,414.9
2021-06-22,234.1
2021-06-23,485.3
2021-06-24,426.54999999999995
2021-06-25,567.15
2021-06-27,3.75
2021-06-28,376.78999999999996
2021-06-29,288.52
2021-06-30,519.72
2021-07-01,381.65000000000003
2021-07-02,485.72
2021-07-04,10.5
2021-07-05,384.6
2021-07-06,443.22
2021-07-07,698.09999999999991
2021-07-08,393.4
2021-07-09,375.5200000000001
2021-07-11,4.0
2021-07-12,260.4
2021-07-13,284.27000000000004
2021-07-14,382.75
2021-07-15,341.6
2021-07-16,248.82000000000002
2021-07-19,267.6
2021-07-20,378.32
2021-07-21,477.7
2021-07-22,279.54
2021-07-23,287.25
2021-07-26,214.75
2021-07-27,251.37
2021-07-28,415.05
2021-07-29,263.74
2021-07-30,651.37
2021-08-02,251.61
2021-08-03,431.87
2021-08-04,483.0
2021-08-05,356.0
2021-08-06,362.5
2021-08-09,180.62
2021-08-10,366.99
2021-08-11,321.0
2021-08-12,353.62
2021-08-13,419.85
2021-08-15,0.6
2021-08-16,285.2
2021-08-17,342.62
2021-08-18,401.25000000000006
2021-08-19,429.52
2021-08-20,309.85
2021-08-23,254.65
2021-08-24,401.54
2021-08-25,853.05000000000007
2021-08-26,511.77000000000004
2021-08-27,450.0
2021-08-30,460.87
2021-08-31,435.35
2021-09-01,391.75
2021-09-02,244.50000000000003
2021-09-03,382.97000000000008
2021-09-06,9.0
2021-09-07,250.52
2021-09-08,542.15000000000009
2021-09-09,560.72
2021-09-10,293.66999999999996
2021-09-11,294.4
2021-09-13,267.14
2021-09-14,214.37000000000003
2021-09-15,513.95
2021-09-16,417.77000000000004
2021-09-17,299.85
2021-09-20,230.35
2021-09-21,322.1
2021-09-22,475.32
2021-09-23,271.6
2021-09-24,325.42
2021-09-27,208.12
2021-09-28,332.15
2021-09-29,339.05
2021-09-30,333.25
2021-10-01,368.47
2021-10-04,300.19000000000005
2021-10-05,193.81
2021-10-06,490.55
2021-10-07,587.79
2021-10-08,417.67
2021-10-11,255.25
2021-10-12,581.21999999999991
2021-10-13,383.0
2021-10-14,354.72
2021-10-15,370.52
2021-10-18,418.0
2021-10-19,583.52
2021-10-20,436.87
2021-10-21,378.87
2021-10-22,325.4
2021-10-25,366.70000000000005
2021-10-26,247.49
2021-10-27,382.42000000000007
2021-10-28,478.35
2021-10-29,433.17
2021-11-01,405.42
2021-11-02,408.57000000000005
2021-11-03,406.70000000000005
2021-11-04,463.25000000000006
2021-11-05,339.65
2021-11-07,2.35
2021-11-08,373.8
2021-11-09,406.6
2021-11-10,312.78999999999996
2021-11-11,336.34999999999997
2021-11-12,521.12
2021-11-15,393.85
2021-11-16,586.2399999999999
2021-11-17,361.17
2021-11-18,373.85
2021-11-19,372.15
2021-11-22,362.20000000000005
2021-11-23,394.84999999999997
2021-11-24,540.4
2021-11-26,535.4
2021-11-28,2.25
2021-11-29,336.55
2021-11-30,235.25
2021-12-01,340.5
2021-12-02,242.75
2021-12-03,250.0
2021-12-06,321.25
2021-12-07,531.25
2021-12-08,486.5
2021-12-09,327.5
2021-12-10,374.25
2021-12-13,180.0
2021-12-14,360.25
2021-12-15,487.25
2021-12-16,448.25
2021-12-17,433.75
2021-12-19,9.0
2021-12-20,399.75
2021-12-21,538.0
2021-12-22,622.0
2021-12-23,387.5
2021-12-24,381.0
2021-12-27,320.02
2021-12-28,619.71
2021-12-29,624.92
2021-12-30,1063.1399999999999
2021-12-31,507.80999999999995
2022-01-02,3.1
2022-01-03,331.33
2022-01-04,179.56
2022-01-05,362.60000000000008
2022-01-06,233.51
2022-01-07,349.31000000000006
2022-01-10,182.64000000000001
2022-01-11,200.42
2022-01-12,428.61999999999995
2022-01-13,185.75
2022-01-14,349.2
2022-01-17,291.57
2022-01-18,242.74
2022-01-19,323.47
2022-01-20,217.65
2022-01-21,258.79999999999995
2022-01-24,375.45
2022-01-25,270.45
2022-01-26,237.4
2022-01-27,295.1
2022-01-28,334.85
2022-01-30,4.5
2022-01-31,131.05
2022-02-01,305.8
2022-02-02,409.66
2022-02-03,247.79999999999998
2022-02-04,453.77
2022-02-07,309.16
2022-02-08,327.92
2022-02-09,362.0
2022-02-10,372.82
2022-02-11,338.72
2022-02-13,18.0
2022-02-14,370.87
2022-02-15,283.5
2022-02-16,529.0
2022-02-17,323.5
2022-02-18,352.5
2022-02-21,301.24
2022-02-22,402.12
2022-02-23,316.0
2022-02-24,433.25
2022-02-25,376.5
2022-02-26,33.0
2022-02-27,3.0
2022-02-28,308.5
2022-03-01,179.0
2022-03-02,344.25
2022-03-03,331.25
2022-03-04,376.75
2022-03-07,297.75
2022-03-08,161.75
2022-03-09,291.5
2022-03-10,381.75
2022-03-11,343.5
2022-03-14,274.0
2022-03-15,245.75
2022-03-16,426.25
2022-03-17,420.25
2022-03-18,313.25
2022-03-21,328.25
2022-03-22,371.3
2022-03-23,513.55
2022-03-24,276.32
2022-03-25,439.79999999999995
2022-03-27,1.5
2022-03-28,210.62
2022-03-29,265.24
2022-03-30,401.73
2022-03-31,241.24